{
	"pattrstorage" : 	{
		"name" : "u166001240",
		"slots" : 		{
			"1" : 			{
				"id" : 1,
				"data" : 				{
					"rbfi-storage" : [ "space", 4, 0.144429707296351, 0.838136675082921, "b2", 0.75, 0.375, 0.1875, 0.0, 3.321928094887363, 371411.723786805581767, 0.05, 0.2, 0, 0.427165462556978, 0.368738182808548, "b4", 0.75, 0.5625, 0.1875, 0.0, 3.321928094887363, 371411.723786805581767, 0.05, 0.2, 0, "space", 1, 0.427165462556978, 0.368738182808548, "[b4]", 0.75, 0.5625, 0.1875, 1.0, 3.321928094887363, 371411.723786805581767, 0.05, 0.2, 0, 0.691450471184093, 0.675106570890926, "b3", 0.5625, 0.75, 0.1875, 0.0, 3.321928094887363, 371411.723786805581767, 0.05, 0.2, 0, 0.740421822393508, 0.237131992416426, "b5", 0.375, 0.75, 0.1875, 0.0, 3.321928094887363, 371411.723786805581767, 0.05, 0.2, 0 ],
					"patcher::coll-dump" : [ "b4", "b3" ],
					"folderselect::folder-path" : [ "Macintosh HD:/Applications/Max.app/Contents/Resources/C74/media/jitter/" ]
				}

			}
,
			"2" : 			{
				"id" : 2,
				"data" : 				{
					"rbfi-storage" : [ "space", 5, 0.144429707296351, 0.838136675082921, "b2", 0.75, 0.375, 0.1875, 0.0, 3.321928094887363, 371411.723786805581767, 0.05, 0.2, 0, "space", 0, 0.427165462556978, 0.368738182808548, "b4", 0.75, 0.5625, 0.1875, 0.0, 3.321928094887363, 371411.723786805581767, 0.05, 0.2, 0, "space", 1, 0.427165462556978, 0.368738182808548, "[b4]", 0.75, 0.5625, 0.1875, 1.0, 3.321928094887363, 371411.723786805581767, 0.05, 0.2, 0, 0.691450471184093, 0.675106570890926, "b3", 0.5625, 0.75, 0.1875, 0.0, 3.321928094887363, 371411.723786805581767, 0.05, 0.2, 0, "space", 4, 0.691450471184093, 0.675106570890926, "[b3]", 0.5625, 0.75, 0.1875, 1.0, 3.321928094887363, 371411.723786805581767, 0.05, 0.2, 0, 0.15520421068385, 0.830617619256644, "[b3]b5", 0.75, 0.5625, 0.1875, 0.0, 3.321928094887363, 371411.723786805581767, 0.05, 0.2, 0, "space", 1, 0.15520421068385, 0.830617619256644, "[b3][b5]", 0.75, 0.5625, 0.1875, 1.0, 3.321928094887363, 371411.723786805581767, 0.05, 0.2, 0, 0.188555409348931, 0.491193684939229, "[b3]b4", 0.75, 0.75, 0.1875, 0.0, 3.321928094887363, 371411.723786805581767, 0.05, 0.2, 0, 0.322725395590953, 0.252031562611321, "[b3]b2", 0.5625, 0.75, 0.1875, 0.0, 3.321928094887363, 371411.723786805581767, 0.05, 0.2, 0, "space", 1, 0.322725395590953, 0.252031562611321, "[b3][b2]", 0.5625, 0.75, 0.1875, 1.0, 3.321928094887363, 371411.723786805581767, 0.05, 0.2, 0, 0.377005583695744, 0.697534014251357, "b5", 0.75, 0.5625, 0.1875, 0.0, 3.321928094887363, 371411.723786805581767, 0.05, 0.2, 0, "space", 0, 0.818112228481108, 0.105360304137957, "b1", 0.75, 0.375, 0.1875, 0.0, 3.321928094887363, 371411.723786805581767, 0.05, 0.2, 0, "space", 3, 0.818112228481108, 0.105360304137957, "[b1]", 0.75, 0.375, 0.1875, 1.0, 3.321928094887363, 371411.723786805581767, 0.05, 0.2, 0, 0.201940426080784, 0.326759935686597, "[b1]b5", 0.75, 0.75, 0.1875, 0.0, 3.321928094887363, 371411.723786805581767, 0.05, 0.2, 0, 0.572567815193376, 0.60376518177851, "[b1]b2", 0.5625, 0.75, 0.1875, 0.0, 3.321928094887363, 371411.723786805581767, 0.05, 0.2, 0, "space", 1, 0.572567815193376, 0.60376518177851, "[b1][b2]", 0.5625, 0.75, 0.1875, 1.0, 3.321928094887363, 371411.723786805581767, 0.05, 0.2, 0 ],
					"patcher::coll-dump" : [ "b4", "b3", "[b3]b2", "[b3]b5", "b1", "[b1]b2" ],
					"folderselect::folder-path" : [ "Macintosh HD:/Applications/Max.app/Contents/Resources/C74/media/msp/" ]
				}

			}
,
			"3" : 			{
				"id" : 3,
				"data" : 				{
					"rbfi-storage" : [ "space", 4, 0.144429707296351, 0.838136675082921, "b2", 0.75, 0.375, 0.1875, 0.0, 3.321928094887363, 371411.723786805581767, 0.05, 0.2, 0, "space", 0, 0.427165462556978, 0.368738182808548, "b4", 0.75, 0.5625, 0.1875, 0.0, 3.321928094887363, 371411.723786805581767, 0.05, 0.2, 0, "space", 1, 0.427165462556978, 0.368738182808548, "[b4]", 0.75, 0.5625, 0.1875, 1.0, 3.321928094887363, 371411.723786805581767, 0.05, 0.2, 0, 0.691450471184093, 0.675106570890926, "b3", 0.5625, 0.75, 0.1875, 0.0, 3.321928094887363, 371411.723786805581767, 0.05, 0.2, 0, "space", 4, 0.691450471184093, 0.675106570890926, "[b3]", 0.5625, 0.75, 0.1875, 1.0, 3.321928094887363, 371411.723786805581767, 0.05, 0.2, 0, 0.15520421068385, 0.830617619256644, "[b3]b5", 0.75, 0.5625, 0.1875, 0.0, 3.321928094887363, 371411.723786805581767, 0.05, 0.2, 0, "space", 1, 0.15520421068385, 0.830617619256644, "[b3][b5]", 0.75, 0.5625, 0.1875, 1.0, 3.321928094887363, 371411.723786805581767, 0.05, 0.2, 0, 0.188555409348931, 0.491193684939229, "[b3]b4", 0.75, 0.75, 0.1875, 0.0, 3.321928094887363, 371411.723786805581767, 0.05, 0.2, 0, 0.322725395590953, 0.252031562611321, "[b3]b2", 0.5625, 0.75, 0.1875, 0.0, 3.321928094887363, 371411.723786805581767, 0.05, 0.2, 0, "space", 1, 0.322725395590953, 0.252031562611321, "[b3][b2]", 0.5625, 0.75, 0.1875, 1.0, 3.321928094887363, 371411.723786805581767, 0.05, 0.2, 0, 0.377005583695744, 0.697534014251357, "b5", 0.75, 0.5625, 0.1875, 0.0, 3.321928094887363, 371411.723786805581767, 0.05, 0.2, 0, "space", 0 ],
					"patcher::coll-dump" : [ "b4", "b3", "[b3]b2", "[b3]b5" ],
					"folderselect::folder-path" : [  ]
				}

			}

		}

	}

}
