{
	"pattrstorage" : 	{
		"name" : "u166001240",
		"slots" : 		{
			"1" : 			{
				"id" : 1,
				"data" : 				{
					"patcher::coll-dump" : [ "b2", "[b2]b1", "b1", "b3" ],
					"rbfi-storage" : [ "space", 3, 0.349495104139946, 0.410844308220573, "b1", 0.75, 0.5625, 0.1875, 0.0, 3.321928094887363, 371411.723786805581767, 0.05, 0.2, 0, "space", 3, 0.349495104139946, 0.410844308220573, "[b1]", 0.75, 0.5625, 0.1875, 1.0, 3.321928094887363, 371411.723786805581767, 0.05, 0.2, 0, 0.889251524743916, 0.439388429237417, "[b1]b5", 0.75, 0.75, 0.1875, 0.0, 3.321928094887363, 371411.723786805581767, 0.05, 0.2, 0, 0.702840326217321, 0.707133608260497, "[b1]b3", 0.5625, 0.75, 0.1875, 0.0, 3.321928094887363, 371411.723786805581767, 0.05, 0.2, 0, 0.636116946970804, 0.361920478115212, "b2", 0.75, 0.75, 0.1875, 0.0, 3.321928094887363, 371411.723786805581767, 0.05, 0.2, 0, 0.526744613847109, 0.740995134361109, "b5", 0.75, 0.375, 0.1875, 0.0, 3.321928094887363, 371411.723786805581767, 0.05, 0.2, 0 ]
				}

			}
,
			"2" : 			{
				"id" : 2,
				"data" : 				{
					"patcher::coll-dump" : [  ],
					"rbfi-storage" : [  ]
				}

			}

		}

	}

}
