{
	"pattrstorage" : 	{
		"name" : "u166001240",
		"slots" : 		{
			"1" : 			{
				"id" : 1,
				"data" : 				{
					"patcher::coll-dump" : [ "b4", "b3" ],
					"rbfi-storage" : [ "space", 4, 0.144429707296351, 0.838136675082921, "b2", 0.75, 0.375, 0.1875, 0.0, 3.321928094887363, 371411.723786805581767, 0.05, 0.2, 0, 0.427165462556978, 0.368738182808548, "b4", 0.75, 0.5625, 0.1875, 0.0, 3.321928094887363, 371411.723786805581767, 0.05, 0.2, 0, "space", 1, 0.427165462556978, 0.368738182808548, "[b4]", 0.75, 0.5625, 0.1875, 1.0, 3.321928094887363, 371411.723786805581767, 0.05, 0.2, 0, 0.691450471184093, 0.675106570890926, "b3", 0.5625, 0.75, 0.1875, 0.0, 3.321928094887363, 371411.723786805581767, 0.05, 0.2, 0, 0.740421822393508, 0.237131992416426, "b5", 0.375, 0.75, 0.1875, 0.0, 3.321928094887363, 371411.723786805581767, 0.05, 0.2, 0 ]
				}

			}
,
			"2" : 			{
				"id" : 2,
				"data" : 				{
					"patcher::coll-dump" : [ "b2", "[b2]b1", "b1", "b3" ],
					"rbfi-storage" : [  ]
				}

			}
,
			"3" : 			{
				"id" : 3,
				"data" : 				{
					"patcher::coll-dump" : [ "b4", "b3" ],
					"rbfi-storage" : [ "space", 5, 0.144429707296351, 0.838136675082921, "b2", 0.75, 0.375, 0.1875, 0.0, 3.321928094887363, 371411.723786805581767, 0.05, 0.2, 0, "space", 0, 0.427165462556978, 0.368738182808548, "b4", 0.75, 0.5625, 0.1875, 0.0, 3.321928094887363, 371411.723786805581767, 0.05, 0.2, 0, "space", 1, 0.427165462556978, 0.368738182808548, "[b4]", 0.75, 0.5625, 0.1875, 1.0, 3.321928094887363, 371411.723786805581767, 0.05, 0.2, 0, 0.691450471184093, 0.675106570890926, "b3", 0.5625, 0.75, 0.1875, 0.0, 3.321928094887363, 371411.723786805581767, 0.05, 0.2, 0, "space", 1, 0.691450471184093, 0.675106570890926, "[b3]", 0.5625, 0.75, 0.1875, 1.0, 3.321928094887363, 371411.723786805581767, 0.05, 0.2, 0, 0.377005583695744, 0.697534014251357, "b5", 0.75, 0.5625, 0.1875, 0.0, 3.321928094887363, 371411.723786805581767, 0.05, 0.2, 0, "space", 0, 0.764751372177563, 0.199469828254196, "b1", 0.75, 0.75, 0.1875, 0.0, 3.321928094887363, 371411.723786805581767, 0.05, 0.2, 0 ]
				}

			}

		}

	}

}
