{
	"pattrstorage" : 	{
		"name" : "u166001240",
		"slots" : 		{
			"1" : 			{
				"id" : 1,
				"data" : 				{
					"rbfi" : [ "space", 2, 0.349495104139946, 0.410844308220573, "b1", 0.75, 0.5625, 0.1875, 0.0, 3.321928094887363, 371411.723786805581767, 0.05, 0.2, 0, 0.636116946970804, 0.361920478115212, "b2", 0.75, 0.75, 0.1875, 0.0, 3.321928094887363, 371411.723786805581767, 0.05, 0.2, 0 ],
					"coll-dump" : [ "b2", "[b2]b1" ]
				}

			}
,
			"2" : 			{
				"id" : 2,
				"data" : 				{
					"rbfi" : [ "space", 2, 0.349495104139946, 0.410844308220573, "b1", 0.75, 0.5625, 0.1875, 0.0, 3.321928094887363, 371411.723786805581767, 0.05, 0.2, 0, 0.636116946970804, 0.361920478115212, "b2", 0.75, 0.75, 0.1875, 0.0, 3.321928094887363, 371411.723786805581767, 0.05, 0.2, 0 ],
					"coll-dump" : [ "b1", "[b1]b3", "b4", "[b1]b2", "b2", "[b2]b4", "[b2]b3", "[b2]b2" ]
				}

			}

		}

	}

}
