{
	"pattrstorage" : 	{
		"name" : "u166001240",
		"slots" : 		{
			"1" : 			{
				"id" : 1,
				"data" : 				{
					"rbfi-storage" : [ "space", 4, 0.499173334399234, 0.483012615334062, "b1", 0.75, 0.375, 0.1875, 0.0, 1.851277660148021, 2860.373122231570051, 0.0446875, 0.537676470588236, 0, "space", 4, 0.499173334399234, 0.483012615334062, "[b1]", 0.75, 0.375, 0.1875, 1.0, 1.851277660148021, 2860.373122231570051, 0.0446875, 0.537676470588236, 0, 0.516551576476591, 0.817956580940297, "[b1]b9", 0.375, 0.75, 0.1875, 1.0, 1.489936809767642, 523.734566192860598, 0.03, 0.659872549019608, 0, 0.840765760693869, 0.858935824959685, "[b1]b11", 0.5625, 0.1875, 0.75, 0.0, 1.547034827126241, 773.678973945531652, 0.035, 0.686852941176469, 0, 0.094086174579513, 0.096151956774976, "[b1]b10", 0.375, 0.75, 0.1875, 1.0, 1.270160405255621, 174.528280822341145, 0.02, 0.750990196078434, 0, 0.345775599100664, 0.876529896533963, "b4", 0.75, 0.5625, 0.1875, 0.0, 1.728215832232048, 1287.477410314231747, 0.035, 0.502725490196078, 0, "space", 4, 0.345775599100664, 0.876529896533963, "[b4]", 0.75, 0.5625, 0.1875, 1.0, 1.728215832232048, 4058.297393012860084, 0.035, 0.502725490196078, 0, 0.163357405499445, 0.295508662672885, "[b4]b2", 0.1875, 0.75, 0.375, 0.0, 2.006245915854782, 10665.132677731606236, 0.035, 0.3475, 0, 0.847572975488885, 0.552733490407455, "[b4]b6", 0.1875, 0.75, 0.5625, 0.0, 1.780130586465957, 4860.682310919703013, 0.035, 0.465137254901961, 0, "space", 0, 0.698866926637048, 0.099774229469092, "[b4]b1", 0.1875, 0.75, 0.75, 0.0, 1.850307827463183, 6203.169147367368168, 0.035, 0.421666666666667, 0, "space", 3, 0.698866926637048, 0.099774229469092, "[b4][b1]", 0.1875, 0.75, 0.75, 1.0, 1.850307827463183, 6203.169147367368168, 0.035, 0.421666666666667, 0, 0.265759176088913, 0.255151167239142, "[b4][b1]b3", 0.1875, 0.375, 0.75, 0.0, 2.237841716975034, 52984.991191049630288, 0.05, 0.391460784313726, 0, 0.724347666120012, 0.725583053622814, "[b4][b1]b5", 0.1875, 0.1875, 0.75, 0.0, 1.53321666516432, 2060.80797265279034, 0.035, 0.705529411764704, 0, 0.888304834980694, 0.461713835779979, "b8", 0.75, 0.75, 0.1875, 0.0, 1.86382187054691, 1006.759277947810233, 0.025, 0.295803921568628, 0, 0.189308731746883, 0.235734868160184, "b10", 0.375, 0.1875, 0.75, 0.0, 1.732347168087665, 758.954889525272847, 0.025625, 0.365735294117647, 0 ],
					"blend-depth" : [ 0.4 ],
					"folderselect::folder-path" : [ "Macintosh HD:/Users/gloliva/workspace/projects/grooveportal/samples/Strange Break/" ],
					"main-dynamic-buffer::loaded-files" : [ "b1", "Macintosh HD:/Users/gloliva/workspace/projects/grooveportal/samples/Strange Break/RockWitKit.wav", "b2", "Macintosh HD:/Users/gloliva/workspace/projects/grooveportal/samples/Strange Break/StrangerSound1.wav", "b4", "Macintosh HD:/Users/gloliva/workspace/projects/grooveportal/samples/Strange Break/StrangerSound3.wav", "b5", "Macintosh HD:/Users/gloliva/workspace/projects/grooveportal/samples/Strange Break/StrangerSound4.wav", "b3", "Macintosh HD:/Users/gloliva/workspace/projects/grooveportal/samples/Strange Break/StrangerSound2.wav", "b6", "Macintosh HD:/Users/gloliva/workspace/projects/grooveportal/samples/Strange Break/StrangerSound5.wav", "b7", "Macintosh HD:/Users/gloliva/workspace/projects/grooveportal/samples/Strange Break/StrangerSound6.wav", "b8", "Macintosh HD:/Users/gloliva/workspace/projects/grooveportal/samples/Strange Break/ChoppyOrgan.wav", "b9", "Macintosh HD:/Users/gloliva/workspace/projects/grooveportal/samples/Strange Break/GamerGrrlKeys.wav", "b10", "Macintosh HD:/Users/gloliva/workspace/projects/grooveportal/samples/Strange Break/HiHats.wav", "b11", "Macintosh HD:/Users/gloliva/workspace/projects/grooveportal/samples/Strange Break/OSCKeys.wav" ],
					"main-dynamic-buffer::buffer-count" : [ 11 ],
					"patcher::coll-dump" : [ "b1", "b4", "[b4]b1" ],
					"tempo" : [ 120 ]
				}

			}
,
			"2" : 			{
				"id" : 2,
				"data" : 				{
					"rbfi-storage" : [ "space", 2, 0.152439939946935, 0.141310941226646, "b1", 0.75, 0.375, 0.1875, 0.0, 3.383215722086966, 122927357.708175182342529, 0.135, 0.526607843137255, 0, "space", 3, 0.152439939946935, 0.141310941226646, "[b1]", 0.75, 0.375, 0.1875, 1.0, 3.383215722086966, 122927357.708175182342529, 0.135, 0.526607843137255, 0, 0.301798605405751, 0.939701573854839, "[b1]b3", 0.5625, 0.75, 0.1875, 1.0, 2.404186220636808, 58612.327135342442489, 0.04, 0.271607843137256, 0, 0.858719691306125, 0.500046594943217, "[b1]b4", 0.5625, 0.1875, 0.75, 0.0, 3.89364349835387, 111856652.135512799024582, 0.07, 0.22843137254902, 0, 0.850549365578699, 0.885938099076107, "b2", 0.75, 0.5625, 0.1875, 0.0, 2.69674848889217, 1500576.96040771342814, 0.09, 0.496450980392158, 0 ],
					"blend-depth" : [ 1.0 ],
					"folderselect::folder-path" : [ "Macintosh HD:/Users/gloliva/workspace/projects/grooveportal/samples/Mix Full Songs/" ],
					"main-dynamic-buffer::loaded-files" : [ "b1", "Macintosh HD:/Users/gloliva/workspace/projects/grooveportal/samples/Mix Full Songs/Sunday Sex.mp3", "b2", "Macintosh HD:/Users/gloliva/workspace/projects/grooveportal/samples/Mix Full Songs/Beach Trash.wav", "b4", "Macintosh HD:/Users/gloliva/workspace/projects/grooveportal/samples/Mix Full Songs/Status Code.wav", "b5", "null", "b3", "Macintosh HD:/Users/gloliva/workspace/projects/grooveportal/samples/Mix Full Songs/Swarm.wav", "b6", "null", "b7", "null", "b8", "null", "b9", "null", "b10", "null", "b11", "null" ],
					"main-dynamic-buffer::buffer-count" : [ 4 ],
					"patcher::coll-dump" : [ "b1" ],
					"tempo" : [ 100 ]
				}

			}

		}

	}

}
